<?xml version="1.0" encoding="UTF-8" standalone="yes"?>
<addon id="plugin.video.legolas" name="Legolas" version="2018.09.12" provider-name="Lórien">
  <requires>
    <import addon="xbmc.python" version="2.1.0"/>
    <import addon="script.module.beautifulsoup" version="3.2.1"/>
	<import addon="script.module.simple.downloader" version="0.9.4"/>
    <import addon="script.module.beautifulsoup4" />
    <import addon="script.module.requests" />
    <import addon="script.module.httplib2" />
    <import addon="script.module.liveresolver" version="0.1.24" optional="true"/>
    <import addon="script.module.youtube.dl" />
	<import addon="script.module.urlresolver" />
    <import addon="script.module.simplejson" />    
    <import addon="script.module.livestreamer" optional="true"/>
	<import addon="plugin.video.avezy" optional="true" />
	<import addon="script.video.F4mProxy" optional="true"/>
	<import addon="plugin.video.f4mTester" optional="true" />
	<import addon="plugin.video.SportsDevil" optional="true" />
	<import addon="plugin.video.youtube" optional="true" />
	<import addon="program.plexus" optional="true" />
	<import addon="repository.arda" />
  </requires>
  <extension point="xbmc.python.pluginsource" library="default.py">
    <provides>video</provides>
  </extension>
  <extension point="xbmc.addon.metadata">
    <summary>Legolas</summary>
    <description>I go to find the Sun!</description>
    <platform>all</platform>
  </extension>
</addon>
