<?xml version="1.0" encoding="UTF-8" standalone="yes"?>
    <addon id="repository.legolas" name="Legolas" version="1.0.0" provider-name="Irmu">
        <requires>
            <import addon="xbmc.addon" version="12.0.0"/>
        </requires>
        <extension point="xbmc.addon.repository" name="Legolas">
            <info compressed="false">https://raw.githubusercontent.com/irmu/legolas/master/_zips/addons.xml</info>
            <checksum>https://raw.githubusercontent.com/irmu/legolas/master/_zips/addons.xml.md5</checksum>
            <datadir zip="true">https://raw.githubusercontent.com/irmu/legolas/master/_zips/</datadir>
            <hashes>false</hashes>
        </extension>
        <extension point="xbmc.addon.metadata">
            <summary>Official Legolas repository</summary>
            <description>Official Legolas repository</description>
            <platform>all</platform>
            <genre>movies,usa</genre>
        </extension>
    </addon>